<?xml version="1.0" encoding="UTF-8"?>
<project-private xmlns="http://www.netbeans.org/ns/project-private/1">
    <editor-bookmarks xmlns="http://www.netbeans.org/ns/editor-bookmarks/2" lastBookmarkId="0"/>
    <open-files xmlns="http://www.netbeans.org/ns/projectui-open-files/2">
        <group>
            <file>file:/C:/Users/HP/Desktop/SistemaVentas/src/sistemaventas/SistemaV.java</file>
            <file>file:/C:/Users/HP/Desktop/SistemaVentas/src/sistemaventas/Productos.java</file>
            <file>file:/C:/Users/HP/Desktop/SistemaVentas/src/sistemaventas/AccessoSistema.java</file>
            <file>file:/C:/Users/HP/Desktop/SistemaVentas/src/sistemaventas/Boleta.java</file>
            <file>file:/C:/Users/HP/Desktop/SistemaVentas/src/sistemaventas/Clientes.java</file>
        </group>
    </open-files>
</project-private>
